과실주,과실주,가공식품,과실주,C0314180000000000000
위스키,위스키,가공식품,위스키,C0314210000000000000
초콜릿,초콜릿,가공식품,초콜릿,C0303020100000000000
초콜릿,초콜릿,가공식품,밀크초콜릿,C0303020200000000000
초콜릿,초콜릿,가공식품,화이트초콜릿,C0303020300000000000
초콜릿,초콜릿,가공식품,준초콜릿,C0303020400000000000
초콜릿,초콜릿,가공식품,초콜릿가공품,C0303020500000000000
과.채가공품,과.채가공품,가공식품,과.채가공품,C0315070100000000000
치즈,치즈,가공식품,모조치즈,C0307030600000000000
치즈,치즈,가공식품,자연치즈,C0318090100000000000
치즈,치즈,가공식품,가공치즈,C0318090200000000000
치즈,치즈,가공식품,치즈,C0318090300000000000
잼,잼,가공식품,잼,C0305010000000000000
잼,잼,가공식품,기타잼,C0305020000000000000
빵류,빵류,가공식품,빵류,C0301040000000000000
식물성크림,식물성크림,가공식품,식물성크림,C0307030700000000000
유크림,유크림,가공식품,유크림,C0318070100000000000
유크림,유크림,가공식품,가공유크림,C0318070200000000000
버터,버터,가공식품,코코아버터,C0303010200000000000
버터,버터,가공식품,땅콩버터,C0315030100000000000
버터,버터,가공식품,발효버터유,C0318040500000000000
버터,버터,가공식품,버터유,C0318050000000000000
버터,버터,가공식품,버터,C0318080100000000000
버터,버터,가공식품,가공버터,C0318080200000000000
버터,버터,가공식품,버터오일,C0318080300000000000
당류가공품,당류가공품,가공식품,당류가공품,C0304070000000000000
견과,견과,가공식품,땅콩 또는 견과류가공품,C0315030200000000000
밀가루,밀가루,가공식품,밀가루,C0315020100000000000
밀가루,밀가루,가공식품,영양강화 밀가루,C0315020200000000000
과자,과자,가공식품,과자,C0301010000000000000
수산물가공품,수산물가공품,가공식품,기타 수산물가공품,C0319060000000000000
당류가공품,당류가공품,가공식품,당류가공품,C0304070000000000000
치즈,치즈,가공식품,모조치즈,C0307030600000000000
치즈,치즈,가공식품,자연치즈,C0318090100000000000
치즈,치즈,가공식품,가공치즈,C0318090200000000000
치즈,치즈,가공식품,치즈,C0318090300000000000
밀가루,밀가루,가공식품,밀가루,C0315020100000000000
밀가루,밀가루,가공식품,영양강화 밀가루,C0315020200000000000
두류가공품,두류가공품,가공식품,두류가공품,C0315070300000000000
과.채주스,과.채주스,가공식품,과.채주스,C0309030200000000000
농축과.채즙,농축과.채즙,가공식품,농축과.채즙(또는 과채분),C0309030100000000000
만두,만두,가공식품,만두,C0322030100000000000
만두,만두,가공식품,만두피,C0322030200000000000
소스,소스,가공식품,소스,C0312020100000000000
올리브유,올리브유,가공식품,올리브유,C0307011300000000000
우유,우유,가공식품,우유,C0318010100000000000
우유,우유,가공식품,강화우유,C0318020100000000000
우유,우유,가공식품,유산균첨가우유,C0318020200000000000
우유,우유,가공식품,유당분해우유,C0318020300000000000
우유,우유,가공식품,농축우유,C0318060100000000000
우유,우유,가공식품,탈지농축우유,C0318060200000000000
소스,소스,가공식품,소스,C0312020100000000000
케첩,케첩,가공식품,토마토케첩,C0312020300000000000
마요네즈,마요네즈,가공식품,마요네즈,C0312020200000000000
소금,소금,가공식품,재제소금(재제조소금),C0312060200000000000
소금,소금,가공식품,태움.용융소금,C0312060300000000000
소금,소금,가공식품,정제소금,C0312060400000000000
소금,소금,가공식품,기타소금,C0312060500000000000
소금,소금,가공식품,가공소금,C0312060600000000000
발효유,발효유,가공식품,발효유,C0318040100000000000
발효유,발효유,가공식품,농후발효유,C0318040200000000000
발효유,발효유,가공식품,크림발효유,C0318040300000000000
발효유,발효유,가공식품,농후크림발효유,C0318040400000000000
발효유,발효유,가공식품,발효유분말,C0318040600000000000
우유,우유,가공식품,우유,C0318010100000000000
우유,우유,가공식품,강화우유,C0318020100000000000
우유,우유,가공식품,유산균첨가우유,C0318020200000000000
우유,우유,가공식품,유당분해우유,C0318020300000000000
우유,우유,가공식품,농축우유,C0318060100000000000
우유,우유,가공식품,탈지농축우유,C0318060200000000000
분쇄가공육제품,분쇄가공육제품,가공식품,분쇄가공육제품,C0316050200000000000
밀가루,밀가루,가공식품,밀가루,C0315020100000000000
밀가루,밀가루,가공식품,영양강화 밀가루,C0315020200000000000
분유,분유,가공식품,전지분유,C0318101000000000000
분유,분유,가공식품,탈지분유,C0318102000000000000
분유,분유,가공식품,가당분유,C0318103000000000000
분유,분유,가공식품,혼합분유,C0318104000000000000
아이스크림,아이스크림,가공식품,아이스크림,C0302010100000000000
아이스크림,아이스크림,가공식품,저지방아이스크림,C0302010200000000000
아이스크림,아이스크림,가공식품,비유지방아이스크림,C0302010500000000000
아이스크림,아이스크림,가공식품,아이스크림믹스,C0302020100000000000
아이스크림,아이스크림,가공식품,저지방아이스크림믹스,C0302020200000000000
아이스크림,아이스크림,가공식품,비유지방아이스크림믹스,C0302020500000000000
커피원두,커피원두,식물성,"커피원두(씨앗,건조)",A0400300100000013600
커피원두,커피원두,식물성,"커피원두(씨앗,냉동)",A0400300100000023600
커피원두,커피원두,식물성,"커피원두(씨앗,신선)",A0400300100000033600
카카오원두,카카오원두,식물성,"카카오원두(씨앗,건조)",A0400300200000013600
카카오원두,카카오원두,식물성,"카카오원두(씨앗,신선)",A0400300200000033600
냉동,냉동 농산물,식물성,"옥수수(씨앗,냉동)",A0100700000000023600
냉동,냉동 농산물,식물성,"감자(덩이줄기,냉동)",A0200100000000021900
냉동,냉동 농산물,식물성,"고구마(덩이뿌리,냉동)",A0200200000000021800
냉동,냉동 농산물,식물성,"토란(뿌리줄기,냉동)",A0200300000000022500
냉동,냉동 농산물,식물성,"마(뿌리,냉동)",A0200400000000022300
냉동,냉동 농산물,식물성,"카사바(덩이뿌리,냉동)",A0200500000000021800
냉동,냉동 농산물,식물성,"얌(뿌리,냉동)",A0200700000000022300
냉동,냉동 농산물,식물성,"Jicama(덩이뿌리,냉동)",A02ZZV00000000021800
냉동,냉동 농산물,식물성,"애로루트(뿌리줄기,냉동)",A02ZZW00000000022500
냉동,냉동 농산물,식물성,"대두(씨앗,냉동)",A0300100000000023600
냉동,냉동 농산물,식물성,"녹두(씨앗,냉동)",A0300200000000023600
냉동,냉동 농산물,식물성,"완두(씨앗,냉동)",A0300300000000023600
냉동,냉동 농산물,식물성,"강낭콩(씨앗,냉동)",A0300400000000023600
냉동,냉동 농산물,식물성,"동부(씨앗,냉동)",A0300500000000023600
냉동,냉동 농산물,식물성,"잠두(씨앗,냉동)",A0300700000000023600
냉동,냉동 농산물,식물성,"리마콩(씨앗,냉동)",A0300900000000023600
냉동,냉동 농산물,식물성,"그린콩(씨앗,냉동)",A0301100000000023600
냉동,냉동 농산물,식물성,"작두콩(씨앗,냉동)",A0301300000000023600
냉동,냉동 농산물,식물성,"제비콩(씨앗,냉동)",A0301500000000023600
냉동,냉동 농산물,식물성,"타마린드(열매,냉동)",A03ZZZ00000000024700
냉동,냉동 농산물,식물성,"밤(열매,냉동)",A0400100100000024700
냉동,냉동 농산물,식물성,"호두(견과,냉동)",A0400100200000020400
냉동,냉동 농산물,식물성,"은행(견과,냉동)",A0400100300000020400
냉동,냉동 농산물,식물성,"잣(씨앗,냉동)",A0400100400000023600
냉동,냉동 농산물,식물성,"땅콩(견과,냉동)",A0400100500000020400
냉동,냉동 농산물,식물성,"도토리(열매,냉동)",A0400101200000024700
냉동,냉동 농산물,식물성,"개다래나무/목천료(열매,냉동)",A0400101300000024700
냉동,냉동 농산물,식물성,"마름(열매,냉동)",A04001ZZY00000024700
냉동,냉동 농산물,식물성,"올리브(열매,냉동)",A0400200600000024700
냉동,냉동 농산물,식물성,"커피원두(씨앗,냉동)",A0400300100000023600
냉동,냉동 농산물,식물성,"헛개나무(열매,냉동)",A04003ZZY00000024700
냉동,냉동 농산물,식물성,"사과(열매,냉동)",A0500100100000024700
냉동,냉동 농산물,식물성,"배(열매,냉동)",A0500100200000024700
냉동,냉동 농산물,식물성,"감(열매,냉동)",A0500100400000024700
냉동,냉동 농산물,식물성,"석류(열매,냉동)",A0500100500000024700
냉동,냉동 농산물,식물성,"감귤(껍질,냉동)",A0500200100000020600
냉동,냉동 농산물,식물성,"감귤(열매,냉동)",A0500200100000024700
냉동,냉동 농산물,식물성,"깔라몬딘 오렌지(열매,냉동)",A0500200100001024700
냉동,냉동 농산물,식물성,"오렌지(껍질,냉동)",A0500200200000020600
냉동,냉동 농산물,식물성,"오렌지(열매,냉동)",A0500200200000024700
냉동,냉동 농산물,식물성,"자몽(열매,냉동)",A0500200300000024700
냉동,냉동 농산물,식물성,"레몬(열매,냉동)",A0500200400000024700
냉동,냉동 농산물,식물성,"유자(열매,냉동)",A0500200500000024700
냉동,냉동 농산물,식물성,"라임(열매,냉동)",A0500200600000024700
냉동,냉동 농산물,식물성,"금귤(열매,냉동)",A0500200700000024700
냉동,냉동 농산물,식물성,"포멜로(열매,냉동)",A0500201100000024700
냉동,냉동 농산물,식물성,"칼라만시(열매,냉동)",A05002ZZZ00000024700
냉동,냉동 농산물,식물성,"복숭아(열매,냉동)",A0500300100000024700
냉동,냉동 농산물,식물성,"대추(열매,냉동)",A0500300200000024700
냉동,냉동 농산물,식물성,"살구(열매,냉동)",A0500300300000024700
냉동,냉동 농산물,식물성,"자두(열매,냉동)",A0500300400000024700
냉동,냉동 농산물,식물성,"매실(열매,냉동)",A0500300500000024700
냉동,냉동 농산물,식물성,"체리(열매,냉동)",A0500300600000024700
냉동,냉동 농산물,식물성,"오미자(열매,냉동)",A0500300900000024700
냉동,냉동 농산물,식물성,"갈매보리수나무(열매,냉동)",A05003ZZY00000024700
냉동,냉동 농산물,식물성,"보리수나무(열매,냉동)",A05003ZZZ00000024700
냉동,냉동 농산물,식물성,"포도(열매,냉동)",A0500400100000024700
냉동,냉동 농산물,식물성,"딸기(씨앗,냉동)",A0500400300000023600
냉동,냉동 농산물,식물성,"딸기(열매,냉동)",A0500400300000024700
냉동,냉동 농산물,식물성,"무화과(열매,냉동)",A0500400400000024700
냉동,냉동 농산물,식물성,"오디/상심자(열매,냉동)",A0500400500000024700
냉동,냉동 농산물,식물성,"블루베리(열매,냉동)",A0500400800000024700
냉동,냉동 농산물,식물성,"덩굴월귤(열매,냉동)",A0500400900000024700
냉동,냉동 농산물,식물성,"나무딸기(열매,냉동)",A0500401000000024700
냉동,냉동 농산물,식물성,"빌베리(열매,냉동)",A0500401100000024700
냉동,냉동 농산물,식물성,"머루(열매,냉동)",A0500401400000024700
냉동,냉동 농산물,식물성,"복분자(열매,냉동)",A0500401500000024700
냉동,냉동 농산물,식물성,"캘리포니아 블랙베리(열매,냉동)",A0500401500001024700
냉동,냉동 농산물,식물성,"산딸기(열매,냉동)",A0500401600000024700
냉동,냉동 농산물,식물성,"다래(열매,냉동)",A0500401900000024700
냉동,냉동 농산물,식물성,"보이즌베리(열매,냉동)",A05004ZZN00001024700
냉동,냉동 농산물,식물성,"개들쭉나무(열매,냉동)",A05004ZZS00000024700
냉동,냉동 농산물,식물성,"양까막까치밥나무(열매,냉동)",A05004ZZV00000024700
냉동,냉동 농산물,식물성,"엘더(열매,냉동)",A05004ZZX00000024700
냉동,냉동 농산물,식물성,"블랙베리(열매,냉동)",A05004ZZY00000024700
냉동,냉동 농산물,식물성,"블랙베리(잎,냉동)",A05004ZZY00000024900
냉동,냉동 농산물,식물성,"레드커런트(열매,냉동)",A05004ZZZ00000024700
냉동,냉동 농산물,식물성,"바나나(열매,냉동)",A0500500100000024700
냉동,냉동 농산물,식물성,"파인애플(열매,냉동)",A0500500200000024700
냉동,냉동 농산물,식물성,"키위(씨앗,냉동)",A0500500300000023600
냉동,냉동 농산물,식물성,"키위(열매,냉동)",A0500500300000024700
냉동,냉동 농산물,식물성,"아보카도(열매,냉동)",A0500500400000024700
냉동,냉동 농산물,식물성,"파파야(열매,냉동)",A0500500500000024700
냉동,냉동 농산물,식물성,"대추야자(열매,냉동)",A0500500600000024700
냉동,냉동 농산물,식물성,"망고(열매,냉동)",A0500500700000024700
냉동,냉동 농산물,식물성,"구아바(열매,냉동)",A0500500800000024700
냉동,냉동 농산물,식물성,"코코넛(열매,냉동)",A0500500900000024700
냉동,냉동 농산물,식물성,"리치(열매,냉동)",A0500501000000024700
냉동,냉동 농산물,식물성,"패션프루트(열매,냉동)",A0500501100000024700
냉동,냉동 농산물,식물성,"두리안(열매,냉동)",A0500501200000024700
냉동,냉동 농산물,식물성,"망고스틴(열매,냉동)",A0500501300000024700
냉동,냉동 농산물,식물성,"람부탄(열매,냉동)",A0500501700000024700
냉동,냉동 농산물,식물성,"아세로라(열매,냉동)",A0500502300000024700
냉동,냉동 농산물,식물성,"가시여지(열매,냉동)",A0500502500000024700
냉동,냉동 농산물,식물성,"피타야(열매,냉동)",A0500502700000024700
냉동,냉동 농산물,식물성,"바라밀(열매,냉동)",A0500502800000024700
냉동,냉동 농산물,식물성,"스타후르츠(열매,냉동)",A05005ZZP00000024700
냉동,냉동 농산물,식물성,"부아메라(열매,냉동)",A05005ZZR00000024700
냉동,냉동 농산물,식물성,슈가애플(냉동),A05005ZZT00000024700
냉동,냉동 농산물,식물성,"아테모야(열매,냉동)",A05005ZZU00000024700
냉동,냉동 농산물,식물성,"커스터드애플(열매,냉동)",A05005ZZV00000024700
냉동,냉동 농산물,식물성,"스타애플(열매,냉동)",A05005ZZW00000024700
냉동,냉동 농산물,식물성,"치클(열매,냉동)",A05005ZZX00000024700
냉동,냉동 농산물,식물성,"노니(열매,냉동)",A05005ZZY00000024700
냉동,냉동 농산물,식물성,"용안/용안육(헛씨껍질(가종피),냉동)",A05005ZZZ00000026200
냉동,냉동 농산물,식물성,"배추(잎,냉동)",A0600100100000024900
냉동,냉동 농산물,식물성,"양배추(잎,냉동)",A0600100200000024900
냉동,냉동 농산물,식물성,브로콜리(냉동),A0600100300000020000
냉동,냉동 농산물,식물성,"방울양배추(잎,냉동)",A06001ZZY00000024900
냉동,냉동 농산물,식물성,"자주양배추/콜리플라워(꽃봉오리,냉동)",A06001ZZZ00000021300
냉동,냉동 농산물,식물성,"엇갈이배추(잎,냉동)",A0600200100000024900
냉동,냉동 농산물,식물성,"시금치(잎,줄기,냉동)",A0600200600000026400
냉동,냉동 농산물,식물성,"들깻잎(잎,냉동)",A0600200700000024900
냉동,냉동 농산물,식물성,"아욱(잎,냉동)",A0600200900000024900
냉동,냉동 농산물,식물성,"근대(잎,줄기,냉동)",A0600201000000026400
냉동,냉동 농산물,식물성,"케일(잎,냉동)",A0600201600000024900
냉동,냉동 농산물,식물성,"청경채(잎,냉동)",A0600201700000024900
냉동,냉동 농산물,식물성,"냉이(잎,냉동)",A0600201900000024900
냉동,냉동 농산물,식물성,"고추냉이(줄기,냉동)",A0600202500000025800
냉동,냉동 농산물,식물성,"쑥(잎,냉동)",A0600203300000024900
냉동,냉동 농산물,식물성,"모시풀(잎,냉동)",A0600204100000024900
냉동,냉동 농산물,식물성,"참취(잎,냉동)",A0600204400000024900
냉동,냉동 농산물,식물성,"약쑥(잎,냉동)",A0600205400000024900
냉동,냉동 농산물,식물성,"산마늘잎(잎,냉동)",A0600208600000024900
냉동,냉동 농산물,식물성,"고려엉겅퀴/곤드레(잎,냉동)",A0600209000000024900
냉동,냉동 농산물,식물성,"공심채(잎,줄기,냉동)",A0600209600000026400
냉동,냉동 농산물,식물성,"서양민들레(잎,냉동)",A06002ZZS00000024900
냉동,냉동 농산물,식물성,"당아욱(잎,냉동)",A06002ZZU00000024900
냉동,냉동 농산물,식물성,"유채(전초,냉동)",A06002ZZV00000025500
냉동,냉동 농산물,식물성,파(냉동),A0600300100000020000
냉동,냉동 농산물,식물성,"부추(잎,냉동)",A0600300200000024900
냉동,냉동 농산물,식물성,"고구마(줄기,냉동)",A0600300400000025800
냉동,냉동 농산물,식물성,"토란(줄기,냉동)",A0600300500000025800
냉동,냉동 농산물,식물성,고사리(냉동),A0600300600000020000
냉동,냉동 농산물,식물성,"아스파라거스(순,냉동)",A0600300700000023300
냉동,냉동 농산물,식물성,"셀러리(잎,냉동)",A0600300800000024900
냉동,냉동 농산물,식물성,"대나무(죽순,냉동)",A0600300900000025700
냉동,냉동 농산물,식물성,두릅(냉동),A0600301200000020000
냉동,냉동 농산물,식물성,"마늘종(꽃줄기,냉동)",A0600301600000021500
냉동,냉동 농산물,식물성,숙주나물(냉동),A0600302400000020000
냉동,냉동 농산물,식물성,"오가피(잎,냉동)",A0600302500000024900
냉동,냉동 농산물,식물성,"쇠비름(줄기,냉동)",A0600303800000025800
냉동,냉동 농산물,식물성,"루바브(잎,줄기,냉동)",A06003ZZQ00000026400
냉동,냉동 농산물,식물성,"참죽나무(순,냉동)",A06003ZZS00000023300
냉동,냉동 농산물,식물성,"참죽나무(잎,냉동)",A06003ZZS00000024900
냉동,냉동 농산물,식물성,"무(뿌리,냉동)",A0600400100000022300
냉동,냉동 농산물,식물성,양파(냉동),A0600400200000020000
냉동,냉동 농산물,식물성,"마늘(뿌리,냉동)",A0600400300000022300
냉동,냉동 농산물,식물성,"당근(뿌리,냉동)",A0600400400000022300
냉동,냉동 농산물,식물성,"생강(뿌리,냉동)",A0600400500000022300
냉동,냉동 농산물,식물성,"연근(뿌리,냉동)",A0600400600000022300
냉동,냉동 농산물,식물성,"우엉(뿌리,냉동)",A0600400700000022300
냉동,냉동 농산물,식물성,"도라지/길경(뿌리,냉동)",A0600400800000022300
냉동,냉동 농산물,식물성,"더덕(뿌리,냉동)",A0600400900000022300
냉동,냉동 농산물,식물성,"비트(뿌리,냉동)",A0600401000000022300
냉동,냉동 농산물,식물성,"고추냉이(뿌리,냉동)",A0600401400000022300
냉동,냉동 농산물,식물성,"작약(뿌리,냉동)",A0600402600000022300
냉동,냉동 농산물,식물성,"칡/갈근(뿌리,냉동)",A0600403200000022300
냉동,냉동 농산물,식물성,"고량강(뿌리줄기,냉동)",A0600405200000022500
냉동,냉동 농산물,식물성,"물방기(뿌리,냉동)",A0600405600000022300
냉동,냉동 농산물,식물성,"숙근초/셜롯(비늘줄기,냉동)",A06004ZZV00000022100
냉동,냉동 농산물,식물성,"겨자무(뿌리,냉동)",A06004ZZX00000022300
냉동,냉동 농산물,식물성,"백합(비늘줄기,냉동)",A06004ZZZ00000022100
냉동,냉동 농산물,식물성,"호박(열매,냉동)",A0600500200000024700
냉동,냉동 농산물,식물성,"수박(껍질,냉동)",A0600500400000020600
냉동,냉동 농산물,식물성,"수박(열매,냉동)",A0600500400000024700
냉동,냉동 농산물,식물성,"멜론(껍질,냉동)",A0600500500000020600
냉동,냉동 농산물,식물성,"여주(열매,냉동)",A0600500800000024700
냉동,냉동 농산물,식물성,"Ridged gourd(열매,냉동)",A06005ZZX00000024700
냉동,냉동 농산물,식물성,"샤요트(열매,냉동)",A06005ZZZ00000024700
냉동,냉동 농산물,식물성,"토마토(열매,냉동)",A0600600100000024700
냉동,냉동 농산물,식물성,"고추(열매,냉동)",A0600600300000024700
냉동,냉동 농산물,식물성,"피망(열매,냉동)",A0600600400000024700
냉동,냉동 농산물,식물성,"오크라(열매,냉동)",A0600600700000024700
냉동,냉동 농산물,식물성,"박(열매,냉동)",A0600600800000024700
냉동,냉동 농산물,식물성,대두풋콩(냉동),A0600601000001020000
냉동,냉동 농산물,식물성,동부풋콩(냉동),A0600601000002020000
냉동,냉동 농산물,식물성,그린콩풋콩(냉동),A0600601000003020000
냉동,냉동 농산물,식물성,"골든베리(열매,냉동)",A06006ZZZ00000024700
냉동,냉동 농산물,식물성,"느타리버섯(자실체,냉동)",A0700100000000025200
냉동,냉동 농산물,식물성,"송이버섯(자실체,냉동)",A0700200000000025200
냉동,냉동 농산물,식물성,"표고버섯(자실체,냉동)",A0700300000000025200
냉동,냉동 농산물,식물성,"양송이(자실체,냉동)",A0700400000000025200
냉동,냉동 농산물,식물성,"싸리버섯(자실체,냉동)",A0700500000000025200
냉동,냉동 농산물,식물성,"목이버섯(자실체,냉동)",A0700700000000025200
냉동,냉동 농산물,식물성,"새송이버섯(자실체,냉동)",A0700900000000025200
냉동,냉동 농산물,식물성,"황금뿔나팔버섯(자실체,냉동)",A0701300000000025200
냉동,냉동 농산물,식물성,"능이버섯(자실체,냉동)",A0701800000000025200
냉동,냉동 농산물,식물성,"꾀꼬리버섯(자실체,냉동)",A0702200000000025200
냉동,냉동 농산물,식물성,"만가닥버섯(자실체,냉동)",A0702300000000025200
냉동,냉동 농산물,식물성,"그물버섯(자실체,냉동)",A0702800000000025200
냉동,냉동 농산물,식물성,"다색벚꽃버섯(자실체,냉동)",A0703000000000025200
냉동,냉동 농산물,식물성,"달걀버섯(자실체,냉동)",A0703100000000025200
냉동,냉동 농산물,식물성,"먹물버섯(자실체,냉동)",A0703400000000025200
냉동,냉동 농산물,식물성,"뿔나팔버섯(자실체,냉동)",A0703800000000025200
냉동,냉동 농산물,식물성,"송로버섯(자실체,냉동)",A0703900000000025200
냉동,냉동 농산물,식물성,"큰전나무버섯(자실체,냉동)",A0704500000000025200
냉동,냉동 농산물,식물성,"풀버섯(자실체,냉동)",A0704600000000025200
냉동,냉동 농산물,식물성,"신령버섯(자실체,냉동)",A0705400000000025200
냉동,냉동 농산물,식물성,"곰보버섯(자실체,냉동)",A0705500000000025200
냉동,냉동 농산물,식물성,"노루털버섯(자실체,냉동)",A07ZZH00000000025200
냉동,냉동 농산물,식물성,"대리석덩이버섯(자실체,냉동)",A07ZZK00000000025200
냉동,냉동 농산물,식물성,흰서양송로(냉동),A07ZZL00000000020000
냉동,냉동 농산물,식물성,"흰굴뚝버섯(자실체,냉동)",A07ZZN00000000025200
냉동,냉동 농산물,식물성,"흰꾀꼬리버섯(자실체,냉동)",A07ZZW00000000025200
냉동,냉동 농산물,식물성,"꾀꼬리그물버섯(자실체,냉동)",A07ZZX00000000025200
냉동,냉동 농산물,식물성,"밤버섯(자실체,냉동)",A07ZZY00000000025200
냉동,냉동 농산물,식물성,"레몬그라스(잎,냉동)",A0803800600000024900
냉동,냉동 농산물,식물성,"레몬그라스(줄기,냉동)",A0803800600000025800
냉동,냉동 농산물,식물성,"바질(잎,냉동)",A0803800700000024900
냉동,냉동 농산물,식물성,"판다누스(잎,냉동)",A08038ZZC00000024900
냉동,냉동 농산물,식물성,"카피르 라임(잎,냉동)",A08038ZZE00000024900
냉동,냉동 농산물,식물성,"히비스커스(꽃,냉동)",A08038ZZO00000020800
냉동,냉동 농산물,식물성,"산초(열매,냉동)",A0803900400000024700
냉동,냉동 농산물,식물성,"후추(열매,냉동)",A0803900800000024700
냉동,냉동 농산물,식물성,"쿠민(씨앗,냉동)",A0804001000000023600
냉동,냉동 농산물,식물성,"울금(덩이뿌리,냉동)",A08041ZZY00000021800
냉동,냉동 농산물,식물성,"Galanga galangal(뿌리줄기,냉동)",A08041ZZZ00000022500
냉동,냉동 농산물,식물성,갈래곰보(냉동),A1100100000000020000
냉동,냉동 농산물,식물성,김(냉동),A1100400000000020000
냉동,냉동 농산물,식물성,다시마(냉동),A1100600000000020000
냉동,냉동 농산물,식물성,"다시마(자숙,냉동)",A1100600000000020029
냉동,냉동 농산물,식물성,미역(냉동),A1101200000000020000
냉동,냉동 농산물,식물성,"미역(귀,냉동)",A1101200000000027100
냉동,냉동 농산물,식물성,미끈가지(냉동),A1102200000000020000
냉동,냉동 농산물,식물성,큰실말(냉동),A11ZS000000000020000
냉동,냉동 농산물,식물성,"사탕수수(줄기,냉동)",A1200100000000025800
냉동,냉동 농산물,식물성,"게박쥐나물(순,냉동)",A1204500000000023300
냉동,냉동 농산물,식물성,"들쭉나무(열매,냉동)",A1208200000000024700
냉동,냉동 농산물,식물성,"랑삿(열매,냉동)",A1208600000000024700
냉동,냉동 농산물,식물성,"시계꽃(잎,냉동)",A1215900000000024900
냉동,냉동 농산물,식물성,"아티초크(꽃봉오리,냉동)",A1216900000000021300
냉동,냉동 농산물,식물성,"알로에(잎,냉동)",A1217000000000024900
냉동,냉동 농산물,식물성,"연/연자육(씨앗,냉동)",A1218400000000023600
냉동,냉동 농산물,식물성,"연/하엽(잎,냉동)",A1218400000000024900
냉동,냉동 농산물,식물성,"오갈피나무/오가피(껍질,냉동)",A1218600000000020600
냉동,냉동 농산물,식물성,"왕느릅나무/유백피(나무껍질,냉동)",A1219000000000021600
냉동,냉동 농산물,식물성,"삽주(백출)(뿌리줄기,냉동)",A1229000000000022500
냉동,냉동 농산물,식물성,"옥수수수염/옥촉서예(암술대,냉동)",A1229800000000023900
냉동,냉동 농산물,식물성,"동아(열매,냉동)",A1238700000000024700
냉동,냉동 농산물,식물성,제비집(냉동),A1246300000000020000
냉동,냉동 농산물,식물성,"살라크열매(열매,냉동)",A1247800000000024700
냉동,냉동 농산물,식물성,"목별(열매,냉동)",A1248100000000024700
냉동,냉동 농산물,식물성,"댕댕이나무(열매,냉동)",A1249000000000024700
냉동,냉동 농산물,식물성,"티즐 고어드(열매,냉동)",A12ZYZ00000000024700
냉동,냉동 농산물,식물성,"바나나(잎,냉동)",A12ZZI00000000024900
냉동,냉동 농산물,식물성,"산골취(잎,냉동)",A12ZZN00000000024900
냉동,냉동 농산물,식물성,"세이터(열매,냉동)",A12ZZU00000000024700
밀,밀,식물성,밀(씨앗),A0100300000000003600
밀,밀,식물성,메밀(씨앗),A0100400000000003600
밀,밀,식물성,호밀(씨앗),A0100900000000003600
밀,밀,식물성,"바라밀(열매,건조)",A0500502800000014700
밀,밀,식물성,"바라밀(열매,냉동)",A0500502800000024700
밀,밀,식물성,"바라밀(열매,신선)",A0500502800000034700
밀,밀,식물성,밀리타리스 동충하초(건조),A07ZZZ00000000010000
밀,밀,식물성,밀리타리스 동충하초(신선),A07ZZZ00000000030000
밀,밀,식물성,"밀크씨슬(씨앗,건조)",A08040ZZW00000013600
밀,밀,식물성,"약모밀/어성초(지상부,건조)",A1229600000000016000
메밀,메밀,식물성,메밀(씨앗),A0100400000000003600
호밀,호밀,식물성,호밀(씨앗),A0100900000000003600
옥수수,옥수수,식물성,옥수수(씨앗),A0100700000000003600
옥수수,옥수수,식물성,"옥수수(씨앗,냉동)",A0100700000000023600
옥수수,옥수수,식물성,"옥수수수염/옥촉서예(암술대,건조)",A1229800000000013900
옥수수,옥수수,식물성,"옥수수수염/옥촉서예(암술대,냉동)",A1229800000000023900
옥수수,옥수수,식물성,"옥수수수염/옥촉서예(암술대,신선)",A1229800000000033900
추출물,건강기능식품 및 원료,건강기능식품,녹차추출물,E0200600000000000000
추출물,건강기능식품 및 원료,건강기능식품,프로폴리스추출물,E0200800000000000000
추출물,건강기능식품 및 원료,건강기능식품,구아바잎 추출물,E0201100000000000000
추출물,건강기능식품 및 원료,건강기능식품,바나바잎 추출물,E0201200000000000000
추출물,건강기능식품 및 원료,건강기능식품,은행잎 추출물,E0201300000000000000
추출물,건강기능식품 및 원료,건강기능식품,밀크씨슬(카르두스 마리아누스) 추출물,E0201400000000000000
추출물,건강기능식품 및 원료,건강기능식품,달맞이꽃종자 추출물,E0201500000000000000
추출물,건강기능식품 및 원료,건강기능식품,매실추출물,E0202300000000000000
추출물,건강기능식품 및 원료,건강기능식품,가르시니아캄보지아 추출물,E0202500000000000000
추출물,건강기능식품 및 원료,건강기능식품,헤마토코쿠스 추출물,E0202700000000000000
추출물,건강기능식품 및 원료,건강기능식품,쏘팔메토 열매 추출물,E0202800000000000000
추출물,건강기능식품 및 원료,건강기능식품,이눌린/치커리추출물,E0204300000000000000
추출물,건강기능식품 및 원료,건강기능식품,영지버섯 자실체 추출물,E0204800000000000000
추출물,건강기능식품 및 원료,건강기능식품,홍경천 추출물,E0205900000000000000
추출물,건강기능식품 및 원료,건강기능식품,빌베리 추출물,E0206000000000000000
추출물,건강기능식품 및 원료,건강기능식품,상황버섯추출물,E0206600000000000000
추출물,건강기능식품 및 원료,건강기능식품,토마토추출물,E0206700000000000000
추출물,건강기능식품 및 원료,건강기능식품,곤약감자추출물,E0206800000000000000
추출물,건강기능식품 및 원료,건강기능식품,마리골드꽃추출물,E0207000000000000000
추출물,건강기능식품 및 원료,건강기능식품,회화나무열매추출물,E0207100000000000000
추출물,건강기능식품 및 원료,건강기능식품,포도종자추출물(제2005-9호),E0301300000000000000
추출물,건강기능식품 및 원료,건강기능식품,피크노제놀-프랑스해안송껍질추출물(제2006-1호),E0301600000000000000
추출물,건강기능식품 및 원료,건강기능식품,콩발효추출물(제2007-10호),E0303500000000000000
추출물,건강기능식품 및 원료,건강기능식품,소나무껍질추출물 등 복합물(제2008-14호),E0303900000000000000
추출물,건강기능식품 및 원료,건강기능식품,PME-88 메론추출물(제2008-9호),E0304700000000000000
추출물,건강기능식품 및 원료,건강기능식품,표고버섯균사체추출물분말(제2009-3호),E0305000000000000000
추출물,건강기능식품 및 원료,건강기능식품,"홍삼,사상자,산수유 복합추출물(제2008-67호)",E0306000000000000000
추출물,건강기능식품 및 원료,건강기능식품,구아바잎추출물 등 복합물(BENDU381)(제2009-16호),E0306700000000000000
추출물,건강기능식품 및 원료,건강기능식품,보이차추출물(제2009-17호),E0306800000000000000
추출물,건강기능식품 및 원료,건강기능식품,다래추출물(제2009-18호),E0306900000000000000
추출물,건강기능식품 및 원료,건강기능식품,호프추출물(제2009-25호),E0307400000000000000
추출물,건강기능식품 및 원료,건강기능식품,nopal추출물(제2010-10호),E0307700000000000000
추출물,건강기능식품 및 원료,건강기능식품,콜레우스 포스콜리 추출물(제2012-5호),E0307900000000000000
추출물,건강기능식품 및 원료,건강기능식품,쌀겨추출물(제2009-66호),E0308200000000000000
추출물,건강기능식품 및 원료,건강기능식품,피브로인추출물BF-7(제2009-46호),E0309300000000000000
추출물,건강기능식품 및 원료,건강기능식품,백수오 등 복합추출물(제2010-20호),E0309500000000000000
추출물,건강기능식품 및 원료,건강기능식품,석류추출물(제2010-23호),E0310200000000000000
추출물,건강기능식품 및 원료,건강기능식품,레몬 밤 추출물 혼합분말(제2010-24호),E0311100000000000000
추출물,건강기능식품 및 원료,건강기능식품,전칠삼추출물 등 복합물(제2010-47호),E0311800000000000000
추출물,건강기능식품 및 원료,건강기능식품,녹차추출물(제2013-15호),E0312100000000000000
추출물,건강기능식품 및 원료,건강기능식품,호박씨추출물 등 복합물(제2011-15호),E0312600000000000000
추출물,건강기능식품 및 원료,건강기능식품,동충하초 발효 추출물(제2011-16호),E0312700000000000000
추출물,건강기능식품 및 원료,건강기능식품,루테인지아잔틴복합추출물(제2013-23호),E0312900000000000000
추출물,건강기능식품 및 원료,건강기능식품,유산균발효다시마추출물(제2011-23호),E0313100000000000000
추출물,건강기능식품 및 원료,건강기능식품,씨폴리놀 감태주정추출물(제2012-28호),E0314700000000000000
추출물,건강기능식품 및 원료,건강기능식품,동충하초주정추출물(제2013-16호),E0315500000000000000
추출물,건강기능식품 및 원료,건강기능식품,가시오갈피등복합추출물(제2011-28호),E0315700000000000000
추출물,건강기능식품 및 원료,건강기능식품,MR-10민들레등복합추출물(제2013-31호),E0315900000000000000
추출물,건강기능식품 및 원료,건강기능식품,도라지추출물(제2013-26호),E0316000000000000000
추출물,건강기능식품 및 원료,건강기능식품,아티초크추출물(제2010-8호),E0316200000000000000
추출물,건강기능식품 및 원료,건강기능식품,가시오가피숙지황복합추출물(제2013-14호),E0316400000000000000
추출물,건강기능식품 및 원료,건강기능식품,올리브잎주정추출물(제2014-9호),E0316900000000000000
추출물,건강기능식품 및 원료,건강기능식품,미역 등 복합추출물(잔티젠)(제2013-10호),E0317100000000000000
추출물,건강기능식품 및 원료,건강기능식품,스페인감초추출물(제2014-4호),E0317200000000000000
추출물,건강기능식품 및 원료,건강기능식품,보스웰리아 추출물(제2014-23호),E0318000000000000000
추출물,건강기능식품 및 원료,건강기능식품,구기자추출물(제2014-51호),E0318400000000000000
추출물,건강기능식품 및 원료,건강기능식품,인삼다당체추출물(제2015-11호),E0318500000000000000
추출물,건강기능식품 및 원료,건강기능식품,황기추출물 등 복합물(HT042)(제2014-40호),E0318700000000000000
추출물,건강기능식품 및 원료,건강기능식품,그린커피빈추출물(제2014-31호),E0319100000000000000
추출물,건강기능식품 및 원료,건강기능식품,곤약감자추출물(제2008-35호),E0319300000000000000
추출물,건강기능식품 및 원료,건강기능식품,참당귀뿌리추출물(제2004-6호),E0319800000000000000
추출물,건강기능식품 및 원료,건강기능식품,유단백추출물(제2015-16호),E0320400000000000000
추출물,건강기능식품 및 원료,건강기능식품,히비스커스등복합추출물(제2004-7호),E0320800000000000000
추출물,건강기능식품 및 원료,건강기능식품,포도종자추출물(제2008-42호),E0321200000000000000
추출물,건강기능식품 및 원료,건강기능식품,콜레우스포스콜리추출물(제2011-42호),E0321500000000000000
추출물,건강기능식품 및 원료,건강기능식품,크랜베리추출물(제2011-39호),E0321700000000000000
추출물,건강기능식품 및 원료,건강기능식품,마리골드추출물(루테인에스테르)(제2012-22호),E0322300000000000000
추출물,건강기능식품 및 원료,건강기능식품,회화나무열매추출물(제2011-26호),E0323200000000000000
추출물,건강기능식품 및 원료,건강기능식품,회화나무열매추출물(제2011-25호),E0323300000000000000
추출물,건강기능식품 및 원료,건강기능식품,아쉬아간다 추출물(제2012-33호),E0323700000000000000
추출물,건강기능식품 및 원료,건강기능식품,회화나무열매추출물(제2010-27호),E0324000000000000000
추출물,건강기능식품 및 원료,건강기능식품,그린마떼추출물(제2008-52호),E0324500000000000000
추출물,건강기능식품 및 원료,건강기능식품,보리베타글루칸추출물(제2010-32호),E0325100000000000000
추출물,건강기능식품 및 원료,건강기능식품,비파엽추출물(제2014-46호),E0326700000000000000
추출물,건강기능식품 및 원료,건강기능식품,회화나무열매추출물(제2010-60호),E0327400000000000000
추출물,건강기능식품 및 원료,건강기능식품,유산균발효다시마추출물(제2011-22호),E0328800000000000000
추출물,건강기능식품 및 원료,건강기능식품,가시오갈피등복합추출물(제2013-25호),E0329200000000000000
추출물,건강기능식품 및 원료,건강기능식품,지아잔틴추출물(제2008-65호),E0329300000000000000
추출물,건강기능식품 및 원료,건강기능식품,루테인/지아잔틴 복합 추출물(제2008-66호),E0329400000000000000
추출물,건강기능식품 및 원료,건강기능식품,콩발효추출물(제2012-31호),E0329900000000000000
추출물,건강기능식품 및 원료,건강기능식품,쏘팔메토열매추출물등복합물(제2008-79호),E0330000000000000000
추출물,건강기능식품 및 원료,건강기능식품,콩발효추출물(제2012-32호),E0330100000000000000
추출물,건강기능식품 및 원료,건강기능식품,올리브잎추출물(제2006-25호),E0331000000000000000
추출물,건강기능식품 및 원료,건강기능식품,와일드망고 종자추출물(IGOB131)(제2015-14호),E0331200000000000000
추출물,건강기능식품 및 원료,건강기능식품,감태추출물(제2015-6호),E0331600000000000000
추출물,건강기능식품 및 원료,건강기능식품,돌외잎추출물(제2015-7호),E0331800000000000000
추출물,건강기능식품 및 원료,건강기능식품,풋사과추출물애플페논(제2015-9호),E0331900000000000000
추출물,건강기능식품 및 원료,건강기능식품,밀배유추출물(제2015-18호),E0332000000000000000
추출물,건강기능식품 및 원료,건강기능식품,nopal추출물(제2009-39호),E0332200000000000000
추출물,건강기능식품 및 원료,건강기능식품,차조기등복합추출물(제2007-13호),E0332400000000000000
추출물,건강기능식품 및 원료,건강기능식품,까마귀쪽나무열매주정추출물(제2015-22호),E0332600000000000000
추출물,건강기능식품 및 원료,건강기능식품,까마귀쪽나무열매주정추출물(제2015-23호),E0332700000000000000
추출물,건강기능식품 및 원료,건강기능식품,석류추출물(제2015-28호),E0332800000000000000
추출물,건강기능식품 및 원료,건강기능식품,천마등복합추출물(HX106)(제2015-17호),E0332900000000000000
추출물,건강기능식품 및 원료,건강기능식품,콜레우스포스콜리추출물(제2009-47호),E0333200000000000000
추출물,건강기능식품 및 원료,건강기능식품,다래추출물(제2009-58호),E0333600000000000000
추출물,건강기능식품 및 원료,건강기능식품,전칠삼추출물 등 복합물(제2013-32호),E0333700000000000000
추출물,건강기능식품 및 원료,건강기능식품,보리베타글루칸추출물(제2009-73호),E0334000000000000000
추출물,건강기능식품 및 원료,건강기능식품,보이차추출물(제2014-7호),E0334500000000000000
추출물,건강기능식품 및 원료,건강기능식품,옥수수배아추출물(제2014-8호),E0334600000000000000
추출물,건강기능식품 및 원료,건강기능식품,상엽추출물(제2014-14호),E0335400000000000000
추출물,건강기능식품 및 원료,건강기능식품,호박씨추출물 등 복합물(제2014-43호),E0336400000000000000
추출물,건강기능식품 및 원료,건강기능식품,토치대두발효추출물(제2008-18호),E0340300000000000000
추출물,건강기능식품 및 원료,건강기능식품,헤모힘 당귀등 혼합추출물(제2006-17호),E0341200000000000000
추출물,건강기능식품 및 원료,건강기능식품,유산균발효마늘추출물(제2016-16호),E0341700000000000000
추출물,건강기능식품 및 원료,건강기능식품,오미자추출물(제2016-21호),E0342400000000000000
추출물,건강기능식품 및 원료,건강기능식품,APIC 대두배아열수추출물 등 복합물(제2008-6호),E0342600000000000000
추출물,건강기능식품 및 원료,건강기능식품,곰피추출물(제2018-1호),E0343200000000000000
추출물,건강기능식품 및 원료,건강기능식품,빌베리추출물(제2018-2호),E0343300000000000000
추출물,건강기능식품 및 원료,건강기능식품,강황추출물(터마신)(제2014-2호),E0343500000000000000
추출물,건강기능식품 및 원료,건강기능식품,미강주정추출물(제2018-3호),E0343600000000000000
추출물,건강기능식품 및 원료,건강기능식품,루테인지아잔틴복합추출물(제2018-4호),E0343800000000000000
추출물,건강기능식품 및 원료,건강기능식품,오미자추출물(제2018-9호),E0343900000000000000
추출물,건강기능식품 및 원료,건강기능식품,그린커피빈주정추출물(제2018-6호),E0344200000000000000
추출물,건강기능식품 및 원료,건강기능식품,루테인지아잔틴복합추출물(제2018-11호),E0344400000000000000
추출물,건강기능식품 및 원료,건강기능식품,시서스추출물(제2018-14호),E0344600000000000000
추출물,건강기능식품 및 원료,건강기능식품,깻잎추출물(PF501)(제2019-3호),E0344800000000000000
추출물,건강기능식품 및 원료,건강기능식품,연어이리추출물(PRP연어핵산)(제2019-5호),E0345000000000000000
추출물,건강기능식품 및 원료,건강기능식품,호로파종자추출물(제2019-15호),E0345300000000000000
추출물,건강기능식품 및 원료,건강기능식품,루테인지아잔틴복합추출물(제2019-16호),E0345400000000000000
추출물,건강기능식품 및 원료,건강기능식품,루바브뿌리추출물(제2019-6호),E0345500000000000000
추출물,건강기능식품 및 원료,건강기능식품,스페인감초추출물(제2019-7호),E0345600000000000000
추출물,건강기능식품 및 원료,건강기능식품,우뭇가사리추출물(제2019-9호),E0345800000000000000
추출물,건강기능식품 및 원료,건강기능식품,빌베리 추출물(제2019-10호),E0345900000000000000
추출물,건강기능식품 및 원료,건강기능식품,오가피열매추출물(제2019-11호),E0346000000000000000
추출물,건강기능식품 및 원료,건강기능식품,인동덩굴꽃봉오리추출물(그린세라-F)(제2019-14호),E0346300000000000000
추출물,건강기능식품 및 원료,건강기능식품,차즈기추출물(제2019-17호),E0346400000000000000
추출물,건강기능식품 및 원료,건강기능식품,자몽추출물등 복합물(Sinetrol)(제2019-24호),E0346800000000000000
추출물,건강기능식품 및 원료,건강기능식품,풋사과추출물 애플페논(Applephenon)(제2019-21호),E0346900000000000000
추출물,건강기능식품 및 원료,건강기능식품,포도과피효소발효추출물(KL-GEFE)(제2019-27호),E0347300000000000000
추출물,건강기능식품 및 원료,건강기능식품,배초향 추출물(Agatri)(제2020-4),E0347600000000000000
추출물,건강기능식품 및 원료,건강기능식품,배초향 추출물(Agatri)(제2020-5),E0347700000000000000
추출물,건강기능식품 및 원료,건강기능식품,MS-10 엉겅퀴등복합추출물(제2020-6),E0347800000000000000
추출물,건강기능식품 및 원료,건강기능식품,수국잎열수추출물(제2020-7),E0347900000000000000
추출물,건강기능식품 및 원료,건강기능식품,수국잎열수추출물(2020-8),E0348000000000000000
추출물,건강기능식품 및 원료,건강기능식품,돈태반발효추출물(제2019-31호),E0348100000000000000
추출물,건강기능식품 및 원료,건강기능식품,풋사과추출물 애플페논(Applephenon)(제2020-9호),E0348300000000000000
추출물,건강기능식품 및 원료,건강기능식품,양춘사추출물(제2023-6호),E03ZYZ00000000000000
추출물,건강기능식품 및 원료,건강기능식품,에키네시아추출물(제2023-1호),E03ZZA00000000000000
추출물,건강기능식품 및 원료,건강기능식품,천심련추출물(ParActin®)(제2022-37호),E03ZZE00000000000000
추출물,건강기능식품 및 원료,건강기능식품,풋사과추출물 애플페논(제2021-6호),E03ZZG00000000000000
추출물,건강기능식품 및 원료,건강기능식품,루바브뿌리추출물(제2022-28호),E03ZZI00000000000000
추출물,건강기능식품 및 원료,건강기능식품,아쉬아간다 추출물(Shoden®)(제2022-27호),E03ZZJ00000000000000
추출물,건강기능식품 및 원료,건강기능식품,보스웰리아추출물(SERRATRIN)(제2022-17호),E03ZZK00000000000000
추출물,건강기능식품 및 원료,건강기능식품,사삼추출물(제2022-7호),E03ZZN00000000000000
추출물,건강기능식품 및 원료,건강기능식품,레몬버베나추출물 등 복합물(제2022-13호),E03ZZO00000000000000
추출물,건강기능식품 및 원료,건강기능식품,가자추출물(AyuFlexⓇ)(제2022-12호),E03ZZQ00000000000000
추출물,건강기능식품 및 원료,건강기능식품,천심련추출물(ParActin®)(제2022-3호),E03ZZR00000000000000
추출물,건강기능식품 및 원료,건강기능식품,로즈마리추출물등복합물(제2021-18호),E03ZZS00000000000000
추출물,건강기능식품 및 원료,건강기능식품,타히보 추출물(Tabetri®)(제2022-2호),E03ZZT00000000000000
추출물,건강기능식품 및 원료,건강기능식품,루바브뿌리추출물(제2021-17호),E03ZZU00000000000000
추출물,건강기능식품 및 원료,건강기능식품,꾸지뽕잎추출물(제2021-16호),E03ZZV00000000000000
추출물,건강기능식품 및 원료,건강기능식품,보스웰리아추출물 등 복합물(Flexir)(제2021-9호),E03ZZX00000000000000
추출물,건강기능식품 및 원료,건강기능식품,밀추출물(제2020-15호),E03ZZZ00000000000000
복합영양소제품,건강기능식품 및 원료,건강기능식품,복합영양소제품,E0A00000000000000000
"영양소,기능성복합제품",건강기능식품 및 원료,건강기능식품,"영양소,기능성복합제품",E0C00000000000000000
추출물,건강기능식품 및 원료,건강기능식품,녹차추출물,E0200600000000000000
추출물,건강기능식품 및 원료,건강기능식품,프로폴리스추출물,E0200800000000000000
추출물,건강기능식품 및 원료,건강기능식품,구아바잎 추출물,E0201100000000000000
추출물,건강기능식품 및 원료,건강기능식품,바나바잎 추출물,E0201200000000000000
추출물,건강기능식품 및 원료,건강기능식품,은행잎 추출물,E0201300000000000000
추출물,건강기능식품 및 원료,건강기능식품,밀크씨슬(카르두스 마리아누스) 추출물,E0201400000000000000
추출물,건강기능식품 및 원료,건강기능식품,달맞이꽃종자 추출물,E0201500000000000000
추출물,건강기능식품 및 원료,건강기능식품,매실추출물,E0202300000000000000
추출물,건강기능식품 및 원료,건강기능식품,가르시니아캄보지아 추출물,E0202500000000000000
추출물,건강기능식품 및 원료,건강기능식품,헤마토코쿠스 추출물,E0202700000000000000
추출물,건강기능식품 및 원료,건강기능식품,쏘팔메토 열매 추출물,E0202800000000000000
추출물,건강기능식품 및 원료,건강기능식품,이눌린/치커리추출물,E0204300000000000000
추출물,건강기능식품 및 원료,건강기능식품,영지버섯 자실체 추출물,E0204800000000000000
추출물,건강기능식품 및 원료,건강기능식품,홍경천 추출물,E0205900000000000000
추출물,건강기능식품 및 원료,건강기능식품,빌베리 추출물,E0206000000000000000
추출물,건강기능식품 및 원료,건강기능식품,상황버섯추출물,E0206600000000000000
추출물,건강기능식품 및 원료,건강기능식품,토마토추출물,E0206700000000000000
추출물,건강기능식품 및 원료,건강기능식품,곤약감자추출물,E0206800000000000000
추출물,건강기능식품 및 원료,건강기능식품,마리골드꽃추출물,E0207000000000000000
추출물,건강기능식품 및 원료,건강기능식품,회화나무열매추출물,E0207100000000000000
추출물,건강기능식품 및 원료,건강기능식품,포도종자추출물(제2005-9호),E0301300000000000000
추출물,건강기능식품 및 원료,건강기능식품,피크노제놀-프랑스해안송껍질추출물(제2006-1호),E0301600000000000000
추출물,건강기능식품 및 원료,건강기능식품,콩발효추출물(제2007-10호),E0303500000000000000
추출물,건강기능식품 및 원료,건강기능식품,소나무껍질추출물 등 복합물(제2008-14호),E0303900000000000000
추출물,건강기능식품 및 원료,건강기능식품,PME-88 메론추출물(제2008-9호),E0304700000000000000
추출물,건강기능식품 및 원료,건강기능식품,표고버섯균사체추출물분말(제2009-3호),E0305000000000000000
추출물,건강기능식품 및 원료,건강기능식품,"홍삼,사상자,산수유 복합추출물(제2008-67호)",E0306000000000000000
추출물,건강기능식품 및 원료,건강기능식품,구아바잎추출물 등 복합물(BENDU381)(제2009-16호),E0306700000000000000
추출물,건강기능식품 및 원료,건강기능식품,보이차추출물(제2009-17호),E0306800000000000000
추출물,건강기능식품 및 원료,건강기능식품,다래추출물(제2009-18호),E0306900000000000000
추출물,건강기능식품 및 원료,건강기능식품,호프추출물(제2009-25호),E0307400000000000000
추출물,건강기능식품 및 원료,건강기능식품,nopal추출물(제2010-10호),E0307700000000000000
추출물,건강기능식품 및 원료,건강기능식품,콜레우스 포스콜리 추출물(제2012-5호),E0307900000000000000
추출물,건강기능식품 및 원료,건강기능식품,쌀겨추출물(제2009-66호),E0308200000000000000
추출물,건강기능식품 및 원료,건강기능식품,피브로인추출물BF-7(제2009-46호),E0309300000000000000
추출물,건강기능식품 및 원료,건강기능식품,백수오 등 복합추출물(제2010-20호),E0309500000000000000
추출물,건강기능식품 및 원료,건강기능식품,석류추출물(제2010-23호),E0310200000000000000
추출물,건강기능식품 및 원료,건강기능식품,레몬 밤 추출물 혼합분말(제2010-24호),E0311100000000000000
추출물,건강기능식품 및 원료,건강기능식품,전칠삼추출물 등 복합물(제2010-47호),E0311800000000000000
추출물,건강기능식품 및 원료,건강기능식품,녹차추출물(제2013-15호),E0312100000000000000
추출물,건강기능식품 및 원료,건강기능식품,호박씨추출물 등 복합물(제2011-15호),E0312600000000000000
추출물,건강기능식품 및 원료,건강기능식품,동충하초 발효 추출물(제2011-16호),E0312700000000000000
추출물,건강기능식품 및 원료,건강기능식품,루테인지아잔틴복합추출물(제2013-23호),E0312900000000000000
추출물,건강기능식품 및 원료,건강기능식품,유산균발효다시마추출물(제2011-23호),E0313100000000000000
추출물,건강기능식품 및 원료,건강기능식품,씨폴리놀 감태주정추출물(제2012-28호),E0314700000000000000
추출물,건강기능식품 및 원료,건강기능식품,동충하초주정추출물(제2013-16호),E0315500000000000000
추출물,건강기능식품 및 원료,건강기능식품,가시오갈피등복합추출물(제2011-28호),E0315700000000000000
추출물,건강기능식품 및 원료,건강기능식품,MR-10민들레등복합추출물(제2013-31호),E0315900000000000000
추출물,건강기능식품 및 원료,건강기능식품,도라지추출물(제2013-26호),E0316000000000000000
추출물,건강기능식품 및 원료,건강기능식품,아티초크추출물(제2010-8호),E0316200000000000000
추출물,건강기능식품 및 원료,건강기능식품,가시오가피숙지황복합추출물(제2013-14호),E0316400000000000000
추출물,건강기능식품 및 원료,건강기능식품,올리브잎주정추출물(제2014-9호),E0316900000000000000
추출물,건강기능식품 및 원료,건강기능식품,미역 등 복합추출물(잔티젠)(제2013-10호),E0317100000000000000
추출물,건강기능식품 및 원료,건강기능식품,스페인감초추출물(제2014-4호),E0317200000000000000
추출물,건강기능식품 및 원료,건강기능식품,보스웰리아 추출물(제2014-23호),E0318000000000000000
추출물,건강기능식품 및 원료,건강기능식품,구기자추출물(제2014-51호),E0318400000000000000
추출물,건강기능식품 및 원료,건강기능식품,인삼다당체추출물(제2015-11호),E0318500000000000000
추출물,건강기능식품 및 원료,건강기능식품,황기추출물 등 복합물(HT042)(제2014-40호),E0318700000000000000
추출물,건강기능식품 및 원료,건강기능식품,그린커피빈추출물(제2014-31호),E0319100000000000000
추출물,건강기능식품 및 원료,건강기능식품,곤약감자추출물(제2008-35호),E0319300000000000000
추출물,건강기능식품 및 원료,건강기능식품,참당귀뿌리추출물(제2004-6호),E0319800000000000000
추출물,건강기능식품 및 원료,건강기능식품,유단백추출물(제2015-16호),E0320400000000000000
추출물,건강기능식품 및 원료,건강기능식품,히비스커스등복합추출물(제2004-7호),E0320800000000000000
추출물,건강기능식품 및 원료,건강기능식품,포도종자추출물(제2008-42호),E0321200000000000000
추출물,건강기능식품 및 원료,건강기능식품,콜레우스포스콜리추출물(제2011-42호),E0321500000000000000
추출물,건강기능식품 및 원료,건강기능식품,크랜베리추출물(제2011-39호),E0321700000000000000
추출물,건강기능식품 및 원료,건강기능식품,마리골드추출물(루테인에스테르)(제2012-22호),E0322300000000000000
추출물,건강기능식품 및 원료,건강기능식품,회화나무열매추출물(제2011-26호),E0323200000000000000
추출물,건강기능식품 및 원료,건강기능식품,회화나무열매추출물(제2011-25호),E0323300000000000000
추출물,건강기능식품 및 원료,건강기능식품,아쉬아간다 추출물(제2012-33호),E0323700000000000000
추출물,건강기능식품 및 원료,건강기능식품,회화나무열매추출물(제2010-27호),E0324000000000000000
추출물,건강기능식품 및 원료,건강기능식품,그린마떼추출물(제2008-52호),E0324500000000000000
추출물,건강기능식품 및 원료,건강기능식품,보리베타글루칸추출물(제2010-32호),E0325100000000000000
추출물,건강기능식품 및 원료,건강기능식품,비파엽추출물(제2014-46호),E0326700000000000000
추출물,건강기능식품 및 원료,건강기능식품,회화나무열매추출물(제2010-60호),E0327400000000000000
추출물,건강기능식품 및 원료,건강기능식품,유산균발효다시마추출물(제2011-22호),E0328800000000000000
추출물,건강기능식품 및 원료,건강기능식품,가시오갈피등복합추출물(제2013-25호),E0329200000000000000
추출물,건강기능식품 및 원료,건강기능식품,지아잔틴추출물(제2008-65호),E0329300000000000000
추출물,건강기능식품 및 원료,건강기능식품,루테인/지아잔틴 복합 추출물(제2008-66호),E0329400000000000000
추출물,건강기능식품 및 원료,건강기능식품,콩발효추출물(제2012-31호),E0329900000000000000
추출물,건강기능식품 및 원료,건강기능식품,쏘팔메토열매추출물등복합물(제2008-79호),E0330000000000000000
추출물,건강기능식품 및 원료,건강기능식품,콩발효추출물(제2012-32호),E0330100000000000000
추출물,건강기능식품 및 원료,건강기능식품,올리브잎추출물(제2006-25호),E0331000000000000000
추출물,건강기능식품 및 원료,건강기능식품,와일드망고 종자추출물(IGOB131)(제2015-14호),E0331200000000000000
추출물,건강기능식품 및 원료,건강기능식품,감태추출물(제2015-6호),E0331600000000000000
추출물,건강기능식품 및 원료,건강기능식품,돌외잎추출물(제2015-7호),E0331800000000000000
추출물,건강기능식품 및 원료,건강기능식품,풋사과추출물애플페논(제2015-9호),E0331900000000000000
추출물,건강기능식품 및 원료,건강기능식품,밀배유추출물(제2015-18호),E0332000000000000000
추출물,건강기능식품 및 원료,건강기능식품,nopal추출물(제2009-39호),E0332200000000000000
추출물,건강기능식품 및 원료,건강기능식품,차조기등복합추출물(제2007-13호),E0332400000000000000
추출물,건강기능식품 및 원료,건강기능식품,까마귀쪽나무열매주정추출물(제2015-22호),E0332600000000000000
추출물,건강기능식품 및 원료,건강기능식품,까마귀쪽나무열매주정추출물(제2015-23호),E0332700000000000000
추출물,건강기능식품 및 원료,건강기능식품,석류추출물(제2015-28호),E0332800000000000000
추출물,건강기능식품 및 원료,건강기능식품,천마등복합추출물(HX106)(제2015-17호),E0332900000000000000
추출물,건강기능식품 및 원료,건강기능식품,콜레우스포스콜리추출물(제2009-47호),E0333200000000000000
추출물,건강기능식품 및 원료,건강기능식품,다래추출물(제2009-58호),E0333600000000000000
추출물,건강기능식품 및 원료,건강기능식품,전칠삼추출물 등 복합물(제2013-32호),E0333700000000000000
추출물,건강기능식품 및 원료,건강기능식품,보리베타글루칸추출물(제2009-73호),E0334000000000000000
추출물,건강기능식품 및 원료,건강기능식품,보이차추출물(제2014-7호),E0334500000000000000
추출물,건강기능식품 및 원료,건강기능식품,옥수수배아추출물(제2014-8호),E0334600000000000000
추출물,건강기능식품 및 원료,건강기능식품,상엽추출물(제2014-14호),E0335400000000000000
추출물,건강기능식품 및 원료,건강기능식품,호박씨추출물 등 복합물(제2014-43호),E0336400000000000000
추출물,건강기능식품 및 원료,건강기능식품,토치대두발효추출물(제2008-18호),E0340300000000000000
추출물,건강기능식품 및 원료,건강기능식품,헤모힘 당귀등 혼합추출물(제2006-17호),E0341200000000000000
추출물,건강기능식품 및 원료,건강기능식품,유산균발효마늘추출물(제2016-16호),E0341700000000000000
추출물,건강기능식품 및 원료,건강기능식품,오미자추출물(제2016-21호),E0342400000000000000
추출물,건강기능식품 및 원료,건강기능식품,APIC 대두배아열수추출물 등 복합물(제2008-6호),E0342600000000000000
추출물,건강기능식품 및 원료,건강기능식품,곰피추출물(제2018-1호),E0343200000000000000
추출물,건강기능식품 및 원료,건강기능식품,빌베리추출물(제2018-2호),E0343300000000000000
추출물,건강기능식품 및 원료,건강기능식품,강황추출물(터마신)(제2014-2호),E0343500000000000000
추출물,건강기능식품 및 원료,건강기능식품,미강주정추출물(제2018-3호),E0343600000000000000
추출물,건강기능식품 및 원료,건강기능식품,루테인지아잔틴복합추출물(제2018-4호),E0343800000000000000
추출물,건강기능식품 및 원료,건강기능식품,오미자추출물(제2018-9호),E0343900000000000000
추출물,건강기능식품 및 원료,건강기능식품,그린커피빈주정추출물(제2018-6호),E0344200000000000000
추출물,건강기능식품 및 원료,건강기능식품,루테인지아잔틴복합추출물(제2018-11호),E0344400000000000000
추출물,건강기능식품 및 원료,건강기능식품,시서스추출물(제2018-14호),E0344600000000000000
추출물,건강기능식품 및 원료,건강기능식품,깻잎추출물(PF501)(제2019-3호),E0344800000000000000
추출물,건강기능식품 및 원료,건강기능식품,연어이리추출물(PRP연어핵산)(제2019-5호),E0345000000000000000
추출물,건강기능식품 및 원료,건강기능식품,호로파종자추출물(제2019-15호),E0345300000000000000
추출물,건강기능식품 및 원료,건강기능식품,루테인지아잔틴복합추출물(제2019-16호),E0345400000000000000
추출물,건강기능식품 및 원료,건강기능식품,루바브뿌리추출물(제2019-6호),E0345500000000000000
추출물,건강기능식품 및 원료,건강기능식품,스페인감초추출물(제2019-7호),E0345600000000000000
추출물,건강기능식품 및 원료,건강기능식품,우뭇가사리추출물(제2019-9호),E0345800000000000000
추출물,건강기능식품 및 원료,건강기능식품,빌베리 추출물(제2019-10호),E0345900000000000000
추출물,건강기능식품 및 원료,건강기능식품,오가피열매추출물(제2019-11호),E0346000000000000000
추출물,건강기능식품 및 원료,건강기능식품,인동덩굴꽃봉오리추출물(그린세라-F)(제2019-14호),E0346300000000000000
추출물,건강기능식품 및 원료,건강기능식품,차즈기추출물(제2019-17호),E0346400000000000000
추출물,건강기능식품 및 원료,건강기능식품,자몽추출물등 복합물(Sinetrol)(제2019-24호),E0346800000000000000
추출물,건강기능식품 및 원료,건강기능식품,풋사과추출물 애플페논(Applephenon)(제2019-21호),E0346900000000000000
추출물,건강기능식품 및 원료,건강기능식품,포도과피효소발효추출물(KL-GEFE)(제2019-27호),E0347300000000000000
추출물,건강기능식품 및 원료,건강기능식품,배초향 추출물(Agatri)(제2020-4),E0347600000000000000
추출물,건강기능식품 및 원료,건강기능식품,배초향 추출물(Agatri)(제2020-5),E0347700000000000000
추출물,건강기능식품 및 원료,건강기능식품,MS-10 엉겅퀴등복합추출물(제2020-6),E0347800000000000000
추출물,건강기능식품 및 원료,건강기능식품,수국잎열수추출물(제2020-7),E0347900000000000000
추출물,건강기능식품 및 원료,건강기능식품,수국잎열수추출물(2020-8),E0348000000000000000
추출물,건강기능식품 및 원료,건강기능식품,돈태반발효추출물(제2019-31호),E0348100000000000000
추출물,건강기능식품 및 원료,건강기능식품,풋사과추출물 애플페논(Applephenon)(제2020-9호),E0348300000000000000
추출물,건강기능식품 및 원료,건강기능식품,양춘사추출물(제2023-6호),E03ZYZ00000000000000
추출물,건강기능식품 및 원료,건강기능식품,에키네시아추출물(제2023-1호),E03ZZA00000000000000
추출물,건강기능식품 및 원료,건강기능식품,천심련추출물(ParActin®)(제2022-37호),E03ZZE00000000000000
추출물,건강기능식품 및 원료,건강기능식품,풋사과추출물 애플페논(제2021-6호),E03ZZG00000000000000
추출물,건강기능식품 및 원료,건강기능식품,루바브뿌리추출물(제2022-28호),E03ZZI00000000000000
추출물,건강기능식품 및 원료,건강기능식품,아쉬아간다 추출물(Shoden®)(제2022-27호),E03ZZJ00000000000000
추출물,건강기능식품 및 원료,건강기능식품,보스웰리아추출물(SERRATRIN)(제2022-17호),E03ZZK00000000000000
추출물,건강기능식품 및 원료,건강기능식품,사삼추출물(제2022-7호),E03ZZN00000000000000
추출물,건강기능식품 및 원료,건강기능식품,레몬버베나추출물 등 복합물(제2022-13호),E03ZZO00000000000000
추출물,건강기능식품 및 원료,건강기능식품,가자추출물(AyuFlexⓇ)(제2022-12호),E03ZZQ00000000000000
추출물,건강기능식품 및 원료,건강기능식품,천심련추출물(ParActin®)(제2022-3호),E03ZZR00000000000000
추출물,건강기능식품 및 원료,건강기능식품,로즈마리추출물등복합물(제2021-18호),E03ZZS00000000000000
추출물,건강기능식품 및 원료,건강기능식품,타히보 추출물(Tabetri®)(제2022-2호),E03ZZT00000000000000
추출물,건강기능식품 및 원료,건강기능식품,루바브뿌리추출물(제2021-17호),E03ZZU00000000000000
추출물,건강기능식품 및 원료,건강기능식품,꾸지뽕잎추출물(제2021-16호),E03ZZV00000000000000
추출물,건강기능식품 및 원료,건강기능식품,보스웰리아추출물 등 복합물(Flexir)(제2021-9호),E03ZZX00000000000000
추출물,건강기능식품 및 원료,건강기능식품,밀추출물(제2020-15호),E03ZZZ00000000000000
유지,건강기능식품 및 원료,건강기능식품,감마리놀렌산 함유 유지,E0201700000000000000
유지,건강기능식품 및 원료,건강기능식품,옥타코사놀 함유 유지,E0202200000000000000
유지,건강기능식품 및 원료,건강기능식품,EPA 및 DHA 함유 유지,E0205700000000000000
유지,건강기능식품 및 원료,건강기능식품,중쇄지방산 함유유지(제2009-20호),E0307100000000000000
유지,건강기능식품 및 원료,건강기능식품,식물성유지 디글리세라이드(제2009-21호),E0307200000000000000
유지,건강기능식품 및 원료,건강기능식품,중쇄지방산(MCFA)함유유지(제2014-6호),E0334400000000000000
유지,건강기능식품 및 원료,건강기능식품,EPA 및 DHA 함유 유지(제2017-4호),E0348200000000000000
엠에스엠,건강기능식품 및 원료,건강기능식품,"엠에스엠(MSM, Methyl sulfonylmethane, 디메틸설폰)",E0205500000000000000
올리고당,건강기능식품 및 원료,건강기능식품,키토산/키토올리고당,E0204900000000000000
올리고당,건강기능식품 및 원료,건강기능식품,프락토올리고당,E0205000000000000000
올리고당,건강기능식품 및 원료,건강기능식품,커피만노올리고당분말(제2009-15호),E0306600000000000000
올리고당,건강기능식품 및 원료,건강기능식품,키토올리고당(제2012-23호),E0314800000000000000
올리고당,건강기능식품 및 원료,건강기능식품,대두올리고당(제2005-20호),E0320000000000000000
올리고당,건강기능식품 및 원료,건강기능식품,이소말토올리고당(제2005-11호),E0320200000000000000
올리고당,건강기능식품 및 원료,건강기능식품,자일로올리고당(제2009-80호),E0320600000000000000
올리고당,건강기능식품 및 원료,건강기능식품,자일로올리고당(제2009-81호),E0320700000000000000
올리고당,건강기능식품 및 원료,건강기능식품,이소말토올리고당(제2005-10호),E0324600000000000000
올리고당,건강기능식품 및 원료,건강기능식품,이소말토올리고당(제2006-2호),E0324700000000000000
올리고당,건강기능식품 및 원료,건강기능식품,키토올리고당(제2018-10호),E0344300000000000000
도자기제,식품용 도자기제 제품,기구 및 용기·포장,도자기제,F0700000200000000000
금속제,식품용 금속제 제품,기구 및 용기·포장,금속제,F0500000100000000000
불소수지,식품용 불소수지 제품,기구 및 용기·포장,불소수지,F0100002600000000000
폴리에틸렌,식품용 폴리에틸렌 제품,기구 및 용기·포장,폴리에틸렌,F0100000200000000000
폴리에틸렌,식품용 폴리에틸렌 제품,기구 및 용기·포장,폴리에틸렌테레프탈레이트,F0100000600000000000
폴리에틸렌,식품용 폴리에틸렌 제품,기구 및 용기·포장,폴리에틸렌나프탈레이트,F0100003100000000000
폴리프로필렌,식품용 폴리프로필렌 제품,기구 및 용기·포장,폴리프로필렌,F0100000300000000000
